name,source,gender,wikidata,type
"91er Straße",,,,way
Aalweg,,,,way
Abraham,,,,way
Achterdiek,,,,way
Achterhöfen,,,,way
Achtermöhlen,,,,way
"Achtern Wittenmoor",,,,way
Achternstraße,,,,way
Achtersteven,,,,way
Ackerstraße,,,,way
Acordialstraße,,,,way
Adalbert-Stifter-Straße,,,,way
Adelheidstraße,,,,way
Adenauerallee,,,,way
Adlerstraße,,,,way
Adolf-Rauchheld-Straße,,,,way
Adolf-de-Beer-Straße,,,,way
Ahlersweg,,,,way
Ahlkenweg,,,,way
Ahornweg,,,,way
Ahrensstraße,,,,way
Akazienstraße,,,,way
Akeleiweg,,,,way
Alan-Turing-Straße,,,,way
Albert-Schweitzer-Straße,,,,way
Alexandersfeld,,,,way
Alexanderstraße,,,,way
Allensteinstraße,,,,way
Altburgstraße,,,,way
"Alte Amalienstraße",,,,way
"Alte Färberei",,,,way
"Alte Fleiwa",,,,way
"Alte Gärtnerei",,,,way
"Alte Raad",,,,way
"Alte Schäferei",,,,way
"Alte Weide",,,,way
Alteneschstraße,,,,way
"Alter Bahndamm",,,,way
"Alter Eichenhof",,,,way
"Alter Kamp",,,,way
"Alter Postweg",,,,way
"Alter Stadthafen",,,,way
"Am Alexanderhaus",,,,way
"Am Apfelhof",,,,way
"Am Bahndamm",,,,way
"Am Bienenstand",,,,way
"Am Borgwall",,,,way
"Am Born",,,,way
"Am Bornhorster See",,,,way
"Am Brink",,,,way
"Am Cäcilienhof",,,,way
"Am Dornbusch",,,,way
"Am Drielaker Kanal",,,,way
"Am Ende",,,,way
"Am Evelsmoor",,,,way
"Am Festungsgraben",,,,way
"Am Hagen",,,,way
"Am Hayengraben",,,,way
"Am Hochstand",,,,way
"Am Hufeisen",,,,way
"Am Karuschenteich",,,,way
"Am Kreyenhof",,,,way
"Am Küstenkanal",,,,way
"Am Meere",,,,way
"Am Palstek",,,,way
"Am Patentbusch",,,,way
"Am Pulverturm",,,,way
"Am Reithgraben",,,,way
"Am Rundtörn",,,,way
"Am Sande",,,,way
"Am Scheibenplatz",,,,way
"Am Schießstand",,,,way
"Am Schloßgarten",,,,way
"Am Schmeel",,,,way
"Am Schulgraben",,,,way
"Am Schützenplatz",,,,way
"Am Stadtmuseum",,,,way
"Am Stadtrand",,,,way
"Am Strehl",,,,way
"Am Struthof",,,,way
"Am Stübenhaus",,,,way
"Am Tegelbusch",,,,way
"Am Tennispark",,,,way
"Am Tweelbäker See",,,,way
"Am Wallplacken",,,,way
"Am Wasserturm",,,,way
"Am Wemkenhof",,,,way
"Am Wendehafen",,,,way
"Am Wienhof",,,,way
"Am Wunderburgpark",,,,way
"Am Wüschemeer",,,,way
"Am Zollbaum",,,,way
"Am Zuggraben",,,,way
Amalienstraße,,,,way
Amannstraße,,,,way
Ammergaustraße,,,,way
"Ammerländer Heerstraße",,,,way
Ammerlandstraße,,,,way
Amrumstraße,,,,way
Amselweg,,,,way
"Amsterdamer Ring",,,,way
"An de Bullwisch",,,,way
"An den Eschen",,,,way
"An den Teichen",,,,way
"An den Voßbergen",,,,way
"An der Bäke",,,,way
"An der Beverbäke",,,,way
"An der Braker Bahn",,,,way
"An der Feldwische",,,,way
"An der Fuchsbäke",,,,way
"An der Großen Wisch",,,,way
"An der Hauptwache",,,,way
"An der Hausbäke",,,,way
"An der Josefskirche",,,,way
"An der Kastanie",,,,way
"An der Kolckwiese",,,,way
"An der Kreuzkirche",,,,way
"An der Nordbäke",,,,way
"An der Schmiede",,,,way
"An der Südbäke",,,,way
"An der Tonkuhle",,,,way
Andersenstraße,,,,way
Angelweg,,,,way
Angerweg,,,,way
Ankerstraße,,,,way
Annabergstraße,,,,way
Anne-Frank-Platz,,,,way
Annette-von-Droste-Hülshoff-Straße,,,,way
Ansgariustiergartenweg,,,,way
Anton-Günther-Straße,,,,way
Anton-J.-Becker-Park,,,,way
Antonstraße,,,,way
"Apenrader Straße",,,,way
Apfelanger,,,,way
Arnikaweg,,,,way
"Arnsteder Weg",,,,way
"Arnswalder Straße",,,,way
Arp-Schnitger-Straße,,,,way
Artillerieweg,,,,way
"Aschhauser Weg",,,,way
Astrid-Lindgren-Straße,,,,way
Auenweg,,,,way
"Auf dem Hock",,,,way
"Auf dem Warnshof",,,,way
"Auf der Düne",,,,way
August-Bebel-Straße,,,,way
August-Hanken-Straße,,,,way
August-Macke-Straße,,,,way
August-Schwettmann-Straße,,,,way
Auguststraße,,,,way
Babenend,,,,way
Bachstelzenweg,,,,way
Bachstraße,,,,way
Bahnhofsallee,,,,way
Bahnhofsplatz,,,,relation+way
Bahnhofstraße,,,,way
Bahnweg,,,,way
Bakenhusweg,,,,way
Bäkenkamp,,,,way
Bäkeplacken,,,,way
Bäkeweg,,,,way
Balthasarweg,,,,way
Balzweg,,,,way
"Banater Weg",,,,way
Bardieksweg,,,,way
"Barkhorster Weg",,,,way
Bärlauchweg,,,,way
Barschweg,,,,way
Baumeisterstraße,,,,way
Baumgartenstraße,,,,way
Baumschulenweg,,,,way
Bauordenstraße,,,,way
Beentweg,,,,way
Beethovenstraße,,,,way
Behnenkamp,,,,way
Behrensstraße,,,,way
"Bei den Erlen",,,,way
Bekassinenweg,,,,way
Beowulfsweg,,,,way
Bergdiek,,,,way
Bergstraße,,,,way
"Berliner Platz",,,,way
"Berliner Straße",,,,way
Bernd-Hüttemann-Straße,,,,way
Bernhard-Friedrich-Weg,,,,way
Bernhardstraße,,,,way
Bertha-von-Suttner-Straße,,,,way
Bettina-von-Arnim-Ring,,,,way
"Beverbäker Wiesen",,,,way
Beverbäkstraße,,,,way
Biberweg,,,,way
"Bielitzer Straße",,,,way
Billungerweg,,,,way
Binsenstraße,,,,way
"Birkenfelder Straße",,,,way
Birkenhof,,,,way
Birkenweg,,,,way
Birkhuhnweg,,,,way
Bisamweg,,,,way
Bismarckstraße,,,,way
Bittersweg,,,,way
"Blankenburger Weg",,,,way
"Blaue Brücke",,,,way
Bleicherstraße,,,,way
"Bloher Kamp",,,,way
"Bloher Landstraße",,,,way
"Bloherfelder Anger",,,,way
"Bloherfelder Marktplatz",,,,way
"Bloherfelder Straße",,,,way
Blücherstraße,,,,way
Blumenhof,,,,way
Blumenstraße,,,,way
Bodenburgallee,,,,way
Bogenstraße,,,,way
Bohlendamm,,,,way
Bohlenhof,,,,way
Bohlkenweg,,,,way
"Bokeler Straße",,,,way
Bollmannsweg,,,,way
Bonhoefferstraße,,,,way
"Borbecker Straße",,,,way
Borchersweg,,,,way
"Borkumer Ring",,,,way
"Bornhorster Moorweg",,,,way
"Bornhorster Wiesen Ost",,,,way
"Bornhorster Wiesen West",,,,way
Borsigstraße,,,,way
Böversweg,,,,way
Bowenkamp,,,,way
Boykengang,,,,way
Brachvogelweg,,,,way
Brahmkamp,,,,way
Brahmweg,,,,way
"Braker Weg",,,,way
Brakmannsweg,,,,way
"Brandenburger Straße",,,,way
Brandsweg,,,,way
Brassenweg,,,,way
Breewaterweg,,,,way
"Bremer Heerstraße",,,,way
"Bremer Straße",,,,way
Bremersweg,,,,way
"Breslauer Straße",,,,way
Brökerei,,,,way
"Brokforster Weg",,,,way
"Brokhauser Weg",,,,way
Brommystraße,,,,way
Brookweg,,,,way
Brüderstraße,,,,way
Brummelweg,,,,way
Brunnenkamp,,,,way
Brunnenweg,,,,way
Brunsbrok,,,,way
"Brüsseler Straße",,,,way
Buchenhof,,,,way
Buchenweg,,,,way
Bucholt,,,,way
Buchtstraße,,,,way
Buchweizenweg,,,,way
Bultenweg,,,,way
"Bümmersteder Tredde",,,,way
Bundesbahnweg,,,,way
Burenkamp,,,,way
Bürgerbuschweg,,,,way
Bürgereschstraße,,,,way
"Bürgerfelder Straße",,,,way
Bürgerstraße,,,,way
Burgstraße,,,,way
Burmesterstraße,,,,way
Buschhagenweg,,,,way
Buschstraße,,,,way
Bussardweg,,,,way
Butenweg,,,,way
"Butjadinger Straße",,,,way
Buttelweg,,,,way
Byronstraße,,,,way
Cäcilienplatz,,,,way
Cäcilienstraße,,,,way
Carl-Eggers-Weg,,,,way
Carl-Friedrich-Gauß-Straße,,,,way
Carl-Friedrich-Spieske-Straße,,,,way
Carl-Heinrich-Slevogt-Straße,,,,way
Carl-Wöltje-Straße,,,,way
Carl-von-Ossietzky-Straße,,,,way
Charlotte-Dettling-Straße,,,,way
Chaukenstraße,,,,way
"Chemnitzer Straße",,,,way
Cheruskerweg,,,,way
Choletstraße,,,,way
Christian-Runde-Weg,,,,way
Christopherweg,,,,way
"City Center",,,,way
Clara-Grunwald-Straße,,,,way
Clausewitzstraße,,,,way
Claußenweg,,,,way
"Cloppenburger Straße",,,,way
Comeniusweg,,,,way
Dachsweg,,,,way
Dählmannsweg,,,,way
Dalbenstraße,,,,way
Damm,,,,way
Dammbleiche,,,,way
Dammschanze,,,,way
"Dänholmer Weg",,,,way
Dannenbuschweg,,,,way
Dantestraße,,,,way
"Danziger Straße",,,,way
"Deckers Padd",,,,way
Dedestraße,,,,way
Deelweg,,,,way
Deichweg,,,,way
Denkmalsweg,,,,way
Dersagauweg,,,,way
Devrientstraße,,,,way
Dianastraße,,,,way
Diedrich-Brinkmann-Straße,,,,way
Dießelweg,,,,way
Dietrich-Kohl-Weg,,,,way
Dietrichsweg,,,,way
Dillweg,,,,way
Dobbenstraße,,,,way
Dohlenhorst,,,,way
Dohlenweg,,,,way
Doktorsklappe,,,,way
Donarstraße,,,,way
"Donnerschweer Straße",,,,way
Dorfweg,,,,way
Dornstede,,,,way
Dr.-Behring-Straße,,,,way
Dr.-Erich-Dannemann-Straße,,,,way
Dr.-Schüßler-Straße,,,,way
Dr.-Virchow-Straße,,,,way
Dragonerstraße,,,,way
Dreschkamp,,,,way
"Dresdener Straße",,,,way
"Drielaker Heide",,,,way
"Drielaker Straße",,,,way
"Dringenburger Straße",,,,way
Drögen-Hasen-Weg,,,,way
Drohnenweg,,,,way
Drosselweg,,,,way
Dürerstraße,,,,way
Duvenhorst,,,,way
Dwaschweg,,,,way
Dwostraße,,,,way
Ebereschenweg,,,,way
"Eberswalder Weg",,,,way
Eddeshorn,,,,way
"Edewechter Landstraße",,,,way
Eduard-Mörike-Straße,,,,way
Eekenhorst,,,,way
Efeustraße,,,,way
Egerstraße,,,,way
Ehnernstraße,,,,way
Ehnkenweg,,,,way
Ehrenhain,,,,way
Ehrenpreisweg,,,,way
Eibenweg,,,,way
Eichendorffstraße,,,,way
Eichenstraße,,,,way
Eichhörnchenweg,,,,way
Eichkamp,,,,way
Eidechsenstraße,,,,way
Eiffelstraße,,,,way
Eike-von-Repkow-Straße,,,,way
Einsteinstraße,,,,way
Eisvogelring,,,,way
Ekernstraße,,,,way
Ekkardstraße,,,,way
Elbestraße,,,,way
Elchweg,,,,way
Elimarstraße,,,,way
Elisabeth-Frerichs-Straße,,,,way
Elisabethstraße,,,,way
Elisenstraße,,,,way
Ellenbogen,,,,way
Ellerholtweg,,,,way
Ellernbrok,,,,way
"Elmendorfer Straße",,,,way
Elritzenweg,,,,way
"Elsässer Straße",,,,way
"Elsflether Straße",,,,way
Elsternweg,,,,way
Emil-Pleitner-Gang,,,,way
Emilie-Oltmanns-Straße,,,,way
Emsstraße,,,,way
Entenweg,,,,way
Erich-Kästner-Straße,,,,way
Erikaweg,,,,way
Erlenweg,,,,way
Ermlandstraße,,,,way
Ernst-Löwenstein-Straße,,,,way
Ernst-Ludwig-Kirchner-Straße,,,,way
Eschenplatz,,,,way
Escherweg,,,,way
Eschstraße,,,,way
Eßkamp,,,,way
"Etzhorner Weg",,,,way
Eugen-Richter-Straße,,,,way
"Eupener Straße",,,,way
Eustachiusweg,,,,way
"Eutiner Straße",,,,way
Ewald-Sander-Padd,,,,way
Ewigkeit,,,,way
Eylersweg,,,,way
Fahrenkamp,,,,way
Falkenweg,,,,way
Falklandstraße,,,,way
Familie-Mechau-Straße,,,,way
Farnweg,,,,way
Fasanenweg,,,,way
"Fehmarner Ring",,,,way
Feldahornweg,,,,way
Feldkamp,,,,way
Feldstraße,,,,way
Ferdinand-Friedensburg-Straße,,,,way
Ferdinand-Koch-Straße,,,,way
Ferdinand-Lassalle-Straße,,,,way
Ferdinand-von-Schill-Straße,,,,way
Feststraße,,,,way
Fichtenstraße,,,,way
Finkenweg,,,,way
Finnenbahn,,,,way
Fliederweg,,,,way
Fliednerstraße,,,,way
Fliehweg,,,,way
Flogsand,,,,way
Florianstraße,,,,way
Flötenstraße,,,,way
Fluchtweg,,,,way
Föhrenkamp,,,,way
Föhstraße,,,,way
Forellenweg,,,,way
Frankenstraße,,,,way
"Frankfurter Weg",,,,way
Franz-Josef-Buß-Straße,,,,way
Franz-Marc-Straße,,,,way
Franz-Poppe-Straße,,,,way
Franz-Reyersbach-Straße,,,,way
Fraunhoferweg,,,,way
Freesenweg,,,,way
Freiherr-vom-Stein-Straße,,,,way
Friedensplatz,,,,way
Friederikenstraße,,,,way
Friedhofsweg,,,,way
Friedlandstraße,,,,way
Friedrich-August-Platz,,,,way
Friedrich-Christoph-Dahlmann-Straße,,,,way
Friedrich-Ebert-Straße,,,,way
Friedrich-Naumann-Straße,,,,way
Friedrich-Rüder-Straße,,,,way
Friedrich-Schohusen-Straße,,,,way
Friedrich-Wilhelm-Deus-Straße,,,,way
"Friedrichsfehner Straße",,,,way
Friedrichstraße,,,,way
Friesenstraße,,,,way
Frieslandstraße,,,,way
Fritz-Bock-Straße,,,,way
Fritz-Reuter-Straße,,,,way
Fröbelstraße,,,,way
Fuchsweg,,,,way
Fuhrenweg,,,,way
Fuldastraße,,,,way
"Fürstenwalder Straße",,,,way
Gabelsbergerweg,,,,way
Gabelweg,,,,way
Gabriele-Münter-Straße,,,,way
Gagelweg,,,,way
Galileiweg,,,,way
Ganterweg,,,,way
Gardelerweg,,,,way
"Garnholter Straße",,,,way
Gartenstraße,,,,way
Gartentorstraße,,,,way
Gärtnerstraße,,,,way
Gaststraße,,,,way
Gasweg,,,,way
Gaußstraße,,,,way
Gebkenweg,,,,way
Gebrüder-Grimm-Straße,,,,way
Geesthöhe,,,,way
Geestkamp,,,,way
Georg-Bölts-Straße,,,,way
Georg-Elser-Straße,,,,way
Georg-Sello-Weg,,,,way
Georgstraße,,,,way
Gerberhof,,,,way
Gerhard-Muntink-Straße,,,,way
Gerhard-Schnitger-Straße,,,,way
Gerhard-Stalling-Straße,,,,way
Gerichtsstraße,,,,way
Gersteweg,,,,way
Gertrudenspinne,,,,way
Gertrudenstraße,,,,way
Geschwister-Scholl-Straße,,,,way
Giesenweg,,,,way
Gildestraße,,,,way
Gimpelstraße,,,,way
Ginsterweg,,,,way
Glashüttenstraße,,,,way
"Glatzer Straße",,,,way
Gleisweg,,,,way
Glockenblumenweg,,,,way
Gloyesteenstraße,,,,way
Gneisenaustraße,,,,way
Goerdelerstraße,,,,way
Goethestraße,,,,way
Gografenweg,,,,way
Goldammerweg,,,,way
Goldfischweg,,,,way
Goldrautenweg,,,,way
Goldregenweg,,,,way
Goosweg,,,,way
Gorch-Fock-Straße,,,,way
"Görlitzer Straße",,,,way
Gotenstraße,,,,way
Gottfried-Keller-Straße,,,,way
Gotthelfstraße,,,,way
"Göttinger Straße",,,,way
Gottlieb-Becker-Straße,,,,way
Gottorpstraße,,,,way
Graf-Dietrich-Straße,,,,way
Graf-Spee-Straße,,,,way
Grashornweg,,,,way
Grasmückenweg,,,,way
"Graudenzer Straße",,,,way
"Greifswalder Straße",,,,way
"Gremsmühler Straße",,,,way
Grenadierweg,,,,way
Grillenweg,,,,way
"Gristeder Straße",,,,way
"Groninger Straße",,,,way
Groß-Bornhorster-Straße,,,,way
"Große Hamheide",,,,way
"Großer Kuhlenweg",,,,way
Großmarktstraße,,,,way
Grotepool,,,,way
Grünanlage,,,,way
"Grünberger Straße",,,,way
"Grüne Straße",,,,way
Grünenkamp,,,,way
Grünteweg,,,,way
Guntrud-Heise-Straße,,,,way
"Güstrower Weg",,,,way
Gutenbergstraße,,,,way
Güterstraße,,,,way
"Gutspark Dietrichsfeld",,,,way
"Haager Straße",,,,way
Haakestraße,,,,way
Haareneschstraße,,,,way
Haarenfeld,,,,way
Haarenniederung,,,,way
Haarenstraße,,,,way
Haarenufer,,,,way
Habichtsweg,,,,way
Hackenweg,,,,way
"Hadersleber Straße",,,,way
Hafenpromenade,,,,way
Haferweg,,,,way
Hagelmannsweg,,,,way
Häherweg,,,,way
Hainbuchenweg,,,,way
"Halsbeker Straße",,,,way
Hamelmannstraße,,,,way
Händelstraße,,,,way
Hannah-Arendt-Straße,,,,way
Hannah-Höch-Straße,,,,way
Hans-Böckler-Straße,,,,way
Hans-Fleischer-Straße,,,,way
Hans-Holbein-Straße,,,,way
Hans-Jürgen-Appelrath-Straße,,,,way
Hansa-Ring,,,,way
Hardenbergstraße,,,,way
Harlingerstraße,,,,way
Harmoniestraße,,,,way
Harmsweg,,,,way
Harreweg,,,,way
Hartenkamp,,,,way
"Hartenscher Damm",,,,way
"Haseler Weg",,,,way
Haselriege,,,,way
Hasenpadd,,,,way
Hasenweg,,,,way
"Haßforter Straße",,,,way
Haubentaucherring,,,,way
Hauptstraße,,,,way
Hauptweg,,,,way
"Hausbäker Weg",,,,way
Häusing,,,,way
Hebbelstraße,,,,way
Hechtstraße,,,,way
Heckengang,,,,way
Hedwigstraße,,,,way
"Heidelberger Straße",,,,way
Heideweg,,,,way
Heidjerweg,,,,way
"Heidkamper Weg",,,,way
Heidplacken,,,,way
Heidschnuckenweg,,,,way
Heiligengeisthöfe,,,,way
Heiligengeiststraße,,,,way
Heiligengeistwall,,,,way
Heilwigstraße,,,,way
Heimeck,,,,way
Heinrich-Brockmann-Straße,,,,way
Heinrich-Brüning-Straße,,,,way
Heinrich-Campendonk-Straße,,,,way
Heinrich-Früstück-Straße,,,,way
Heinrich-Krahnstöver-Straße,,,,way
Heinrich-Renken-Straße,,,,way
Heinrich-Sandstede-Straße,,,,way
Heinrich-Schütte-Straße,,,,way
Heinrich-Strack-Straße,,,,way
Heinrich-von-Gagern-Straße,,,,way
Heinrichstraße,,,,way
Heisterweg,,,,way
Helene-Lange-Straße,,,,way
Helgolandstraße,,,,way
Hellmskamp,,,,way
Helmsweg,,,,way
"Hemmelsbäker Kanalweg",,,,way
Henkenweg,,,,way
Henny-Böger-Straße,,,,way
Henri-Dunant-Straße,,,,way
Herbartgang,,,,way
Herbartplatz,,,,way
Herbartstraße,,,,way
Herbstweg,,,,way
Hermann-Allmers-Weg,,,,way
Hermann-Ehlers-Straße,,,,way
Hermann-Kayser-Weg,,,,way
Hermann-Oncken-Weg,,,,way
Hermann-Tempel-Straße,,,,way
"Hermannstädter Straße",,,,way
Hermannstraße,,,,way
Hermelinweg,,,,way
Hero-Dietrich-Hillerns-Straße,,,,way
Herrenweg,,,,way
Hertzstraße,,,,way
Hesterkamp,,,,way
Heynesweg,,,,way
"Hilbers Kamp",,,,way
Hilde-Domin-Straße,,,,way
Hinnerksweg,,,,way
"Hirschberger Straße",,,,way
Hirschweg,,,,way
Hirseweg,,,,way
Hirtenweg,,,,way
"Hochhauser Straße",,,,way
"Hochheider Weg",,,,way
Hoffkamp,,,,way
Hofstraße,,,,way
Hogenkamp,,,,way
Hohenmoorstraße,,,,way
"Hoher Weg",,,,way
Hoikenweg,,,,way
"Holler Landstraße",,,,way
Holtmannsweg,,,,way
Holtzingerstraße,,,,way
Holunderweg,,,,way
Holzweg,,,,way
"Hooger Weg",,,,way
Hooptsweg,,,,way
Hopfenweg,,,,way
Hoppenriekels,,,,way
Hörneweg,,,,way
Horst-Janssen-Platz,,,,way
Hoyersgang,,,,way
Hubertusweg,,,,way
Huflattichweg,,,,way
Hugo-Gaudig-Straße,,,,way
Hugo-Zieger-Straße,,,,way
"Hullmanns Kamp",,,,way
Hullmannstraße,,,,way
"Hüllsteder Straße",,,,way
Hülsenhof,,,,way
"Hultschiner Straße",,,,way
Humboldtstraße,,,,way
Hummelweg,,,,way
Hundeweg,,,,way
"Hundsmühler Höhe",,,,way
"Hundsmühler Straße",,,,way
"Hunsrücker Straße",,,,way
Huntemannstraße,,,,way
Huntestraße,,,,way
Husarenweg,,,,way
Husbrok,,,,way
"Husteder Weg",,,,way
Ibo-Koch-Straße,,,,way
Ibsenstraße,,,,way
"Idar-Obersteiner Straße",,,,way
Igelweg,,,,way
Iltisweg,,,,way
"Im Bahnwinkel",,,,way
"Im Brook",,,,way
"Im Dreieck",,,,way
"Im Drielaker Moor",,,,way
"Im Eichengrund",,,,way
"Im Engelland",,,,way
"Im Grund",,,,way
"Im Hankenhof",,,,way
"Im Heidegrund",,,,way
"Im Kleigrund",,,,way
"Im Krusenbusch",,,,way
"Im Ofenerfeld",,,,way
"Im Ried",,,,way
"Im Schilf",,,,way
"Im Technologiepark",,,,way
"Im Uhlenhorst",,,,way
"Im Wiesengrund",,,,way
"Im Wunderhorn",,,,way
Immenweg,,,,way
"In der Allmende",,,,way
Industriehof,,,,way
Industriestraße,,,,way
Infanterieweg,,,,way
"Innsbrucker Straße",,,,way
"Insterburger Straße",,,,way
"Iprumper Weg",,,,way
Irisweg,,,,way
Isenkamp,,,,way
Jagdweg,,,,way
Jägerstraße,,,,way
Jahnstraße,,,,way
Jakobistraße,,,,way
Janusz-Korczak-Weg,,,,way
Jawlenskystraße,,,,way
"Jenaer Straße",,,,way
Johann-Gerdes-Straße,,,,way
Johann-Heinrich-Brandes-Straße,,,,way
Johann-Hinrich-Engelbart-Weg,,,,way
Johann-Justus-Weg,,,,way
Johannes-Brahms-Straße,,,,way
Johannisgang,,,,way
Johannisstraße,,,,way
Joseph-Bernhard-Winck-Straße,,,,way
Juiststraße,,,,way
Julius-Leber-Straße,,,,way
Julius-Mosen-Platz,,,,way
Junkerburg,,,,way
Junkerstraße,,,,way
Justin-Hüppe-Ring,,,,way
Justus-von-Liebig-Straße,,,,way
Kaiserstraße,,,,way
Kalmusweg,,,,way
Kampstraße,,,,way
Kanalstraße,,,,way
Kandinskystraße,,,,way
Kanonierstraße,,,,way
Kantstraße,,,,way
Kardinal-von-Galen-Straße,,,,way
Karl-Arnold-Straße,,,,way
Karl-Jaspers-Straße,,,,way
Karlsbadstrasse,,,,way
Karlstraße,,,,way
"Kärntner Straße",,,,way
Karpfenweg,,,,way
Karuschenweg,,,,way
Kasernenstraße,,,,way
Kasinoplatz,,,,way
Kaspersweg,,,,way
Kastanienallee,,,,way
Katharinenstraße,,,,way
Käthe-Kollwitz-Straße,,,,way
Kattenbarg,,,,way
"Kattowitzer Straße",,,,way
Kauzweg,,,,way
Kavallerieweg,,,,way
Kennedystraße,,,,way
Keplerstraße,,,,way
Kernbeißerring,,,,way
Kerschensteinerstraße,,,,way
Kiebitzweg,,,,way
Kiefernweg,,,,way
Kiehnpool,,,,way
Kielweg,,,,way
Kiesgrubenstraße,,,,way
Kirchhofstraße,,,,way
Kirchhofsweg,,,,way
Kirchweg,,,,way
Kirschblütenanger,,,,way
Klarmannsweg,,,,way
Klaus-Groth-Straße,,,,way
"Klausenburger Straße",,,,way
Klävemannstraße,,,,way
Kleenskamp,,,,way
Kleestraße,,,,way
Kleiberstraße,,,,way
"Klein-Bornhorster Straße",,,,way
"Kleine Hamheide",,,,way
"Kleine Kirchenstraße",,,,way
"Kleine Straße",,,,way
"Kleiner Kuhlenweg",,,,way
Kleiststraße,,,,way
Klingenbergstraße,,,,way
Klosterholzweg,,,,way
Klostermark,,,,way
Klosterstraße,,,,way
Klusweg,,,,way
Kneippstraße,,,,way
Knick,,,,way
Knie,,,,way
"Kniphauser Straße",,,,way
"Kolberger Weg",,,,way
Kolpingstraße,,,,way
"Königsberger Straße",,,,way
Königskerzenweg,,,,way
Konradstraße,,,,way
Koopmannweg,,,,way
"Kopenhagener Straße",,,,way
Kopernikusstraße,,,,way
Koppelstraße,,,,way
Koppelweide,,,,way
Kornblumenweg,,,,way
Kornstraße,,,,way
Kortjanweg,,,,way
Kortlangstraße,,,,way
"Kösliner Weg",,,,way
Köstersweg,,,,way
Köterhof,,,,way
Kranbergstraße,,,,way
Kranichstraße,,,,way
Kreuzdornweg,,,,way
Kreuzstraße,,,,way
Kreyenstraße,,,,way
Kriegerstraße,,,,way
Krögerskamp,,,,way
Krokusweg,,,,way
Kronsbeerenweg,,,,way
"Kronstädter Straße",,,,way
Krugweg,,,,way
"Krumme Straße",,,,way
"Krummlands Kamp",,,,way
Krusenweg,,,,way
Kuckucksweg,,,,way
Kuhlenkamp,,,,way
Kuhweg,,,,way
Kummerkamp,,,,way
Küpkersweg,,,,way
Kurlandallee,,,,way
Kurt-Huber-Straße,,,,way
Kurt-Schumacher-Straße,,,,way
Kurwickstraße,,,,way
"Kurze Straße",,,,way
"Küstriner Straße",,,,way
Lachsweg,,,,way
Lafontainestraße,,,,way
Lagerstraße,,,,way
Lambertihof,,,,way
Lambertistraße,,,,way
Lammweg,,,,way
Landweg,,,,way
Landwehrstraße,,,,way
"Lange Straße",,,,way
Langenweg,,,,way
Lappan,,,,relation+way
Lärchenring,,,,way
Largauweg,,,,way
Lasiusstraße,,,,way
"Lauenburger Ring",,,,way
Le-Corbusier-Straße,,,,way
Leffersweg,,,,way
Lehmkuhlenstraße,,,,way
Lehmplacken,,,,way
Leibnizstraße,,,,way
Leinweg,,,,way
"Leipziger Straße",,,,way
Lenzweg,,,,way
Leo-Trepp-Straße,,,,way
"Leobschützer Straße",,,,way
Leon-Bukofzer-Straße,,,,way
Lerchenspornweg,,,,way
Lerchenstraße,,,,way
Lerchenweg,,,,way
Lerigauweg,,,,way
Lessingstraße,,,,way
Lesumstraße,,,,way
"Leuchtenburger Straße",,,,way
Leuschnerstraße,,,,way
Libellenweg,,,,way
Liegewiese,,,,way
"Liegnitzer Straße",,,,way
Lilienthalstraße,,,,way
Lilienweg,,,,way
Lindenallee,,,,way
Lindenbogen,,,,way
Lindenhofsgarten,,,,way
Lindenstraße,,,,way
"Linsweger Straße",,,,way
Lise-Meitner-Straße,,,,way
Lisztstraße,,,,way
Logemannhof,,,,way
Logemannskamp,,,,way
"Londoner Straße",,,,way
Lönsweg,,,,way
Loogenweg,,,,way
"Lothringer Straße",,,,way
Louise-Schroeder-Straße,,,,way
Löwenzahnweg,,,,way
"Loyerender Weg",,,,way
Lübbenbuschweg,,,,way
Lübskamp,,,,way
Luchsweg,,,,way
Ludwig-Klingenberg-Weg,,,,way
Ludwig-Quidde-Weg,,,,way
Ludwig-Strack-Straße,,,,way
Ludwigstraße,,,,way
Lüntjenweg,,,,way
Lupinenstraße,,,,way
Lustgarten,,,,way
Lüttichstraße,,,,way
"Luxemburger Straße",,,,way
Luzernenstraße,,,,way
"Maastrichter Straße",,,,way
Magnolienring,,,,way
Maienweg,,,,way
Malvenweg,,,,way
"Mansholter Straße",,,,way
"Marburger Straße",,,,way
Marderweg,,,,way
Margarete-Gramberg-Straße,,,,way
Margaretenstraße,,,,way
Maria-von-Jever-Straße,,,,way
Marie-Juchacz-Ring,,,,way
Marienstraße,,,,way
Markt,,,,way
"Marktplatz Eversten",,,,way
Mars-la-Tour-Straße,,,,way
Marschweg,,,,way
Martin-Buber-Straße,,,,way
Martin-Luther-Straße,,,,way
Martin-Niemöller-Straße,,,,way
Masurenstraße,,,,way
Matthias-Claudius-Straße,,,,way
Matthias-Erzberger-Straße,,,,way
Max-Beckmann-Straße,,,,way
Max-Mehner-Straße,,,,way
Max-Pechstein-Straße,,,,way
Maximilian-Kolbe-Straße,,,,way
Meerkamp,,,,way
Meerweg,,,,way
Meeschweg,,,,way
Mehlbeerenweg,,,,way
Meinardusstraße,,,,way
Meisenweg,,,,way
Melchiorweg,,,,way
Melkbrink,,,,way
Mellumstraße,,,,way
"Memeler Straße",,,,way
Mensa-Vorplatz,,,,way
Merzdorfstraße,,,,way
Messestraße,,,,way
"Metjendorfer Landstraße",,,,way
"Metzer Straße",,,,way
Migemkenweg,,,,way
Milanweg,,,,way
Milchstraße,,,,way
Mistelweg,,,,way
Mittagsweg,,,,way
Mittelgang,,,,way
Mittelkamp,,,,way
Mittelweg,,,,way
Mohnweg,,,,way
Mohrstraße,,,,way
Molierestraße,,,,way
Moltkestraße,,,,way
Moorweg,,,,way
Moosweg,,,,way
Morgenweg,,,,way
Moslestraße,,,,way
Mottenstraße,,,,way
Möwenweg,,,,way
Mozartstraße,,,,way
Müggenweg,,,,way
Mühlenhofsweg,,,,way
Mühlenstraße,,,,way
Mühlgraben,,,,way
Müller-vom-Siel-Straße,,,,way
Müllersweg,,,,way
Mümmelmannsweg,,,,way
Münnichstraße,,,,way
"Münsterberger Straße",,,,way
Münstermannstraße,,,,way
Muttenpottsweg,,,,way
Mutzenbecherstraße,,,,way
Myliusstraße,,,,way
Nachtigallenweg,,,,way
"Nadorster Straße",,,,way
Nedderend,,,,way
Nedderlandsweg,,,,way
Neenkamp,,,,way
"Neisser Straße",,,,way
Nelkenstraße,,,,way
Nelkenweg,,,,way
Nelson-Mandela-Ring,,,,way
Nerzweg,,,,way
Nettelbeckstraße,,,,way
"Neue Donnerschweer Straße",,,,way
"Neue Straße",,,,way
"Neuenkruger Straße",,,,way
"Neuer Weg",,,,way
"Neusüdender Weg",,,,way
Newtonstraße,,,,way
Nibelungenstraße,,,,way
Niederkamp,,,,way
Niedersachsendamm,,,,way
"Niendorfer Weg",,,,way
Nikolaigang,,,,way
Nikolaikirchweg,,,,way
Nikolaiweg,,,,way
Nikolausstraße,,,,way
Nimrodweg,,,,way
Nobelstraße,,,,way
Nollstraße,,,,way
"Nordenhamer Weg",,,,way
Norderdiek,,,,way
"Norderneyer Straße",,,,way
Norderstraße,,,,way
"Nordmoslesfehner Straße",,,,way
Nordring,,,,way
Nordseestraße,,,,way
Nordstraße,,,,way
Nordtangente,,,,way
Nymphenweg,,,,way
Oederstraße,,,,way
"Ofener Straße",,,,way
"Ofenerdieker Straße",,,,way
Ohlenbuschweg,,,,way
"Ohmsteder Esch",,,,way
"Oldenburger Straße",,,,way
Oldenrome,,,,way
Oldeweg,,,,way
Olmsweg,,,,way
"Oppelner Straße",,,,way
Orfenweg,,,,way
"Osloer Straße",,,,way
Osterdiek,,,,way
Osteresch,,,,way
Osterkampsweg,,,,way
Osterstraße,,,,way
Ostlandstraße,,,,way
Ostring,,,,way
"Östringer Straße",,,,way
Ostseestraße,,,,way
Ostweg,,,,way
Otterweg,,,,way
Otto-Suhr-Straße,,,,way
Otto-Wels-Straße,,,,way
Ottostraße,,,,way
Överkamp,,,,way
Pappelallee,,,,way
Paradewall,,,,way
"Pariser Straße",,,,way
Parkstraße,,,,way
Pasteurstraße,,,,way
Paul-Klee-Straße,,,,way
Paul-Krey-Straße,,,,way
Paul-Löbe-Straße,,,,way
Paul-Tantzen-Straße,,,,way
Paula-Modersohn-Becker-Straße,,,,way
Paulstraße,,,,way
Peerdebrok,,,,way
"Pellwormer Weg",,,,way
Pestalozzistraße,,,,way
Pestrupsweg,,,,way
Peterstraße,,,,way
Pfänderweg,,,,way
Pfauenstraße,,,,way
Pferdemarkt,,,,way
Philipp-Reis-Gang,,,,way
Philipp-Scheidemann-Straße,,,,way
Philipp-de-Haas-Straße,,,,way
Philosophenweg,,,,way
"Pillauer Weg",,,,way
Pionierweg,,,,way
Pirolweg,,,,way
Pirschweg,,,,way
Pistolenstraße,,,,way
Plaggenhau,,,,way
Planckstraße,,,,way
"Poeler Ring",,,,way
Pophankenweg,,,,way
Porsenbergstraße,,,,way
Postenweg,,,,way
Posthalterweg,,,,way
Poststraße,,,,way
Presuhnstraße,,,,way
Prießnitzstraße,,,,way
Prinzessinweg,,,,way
Proppingstraße,,,,way
Quellenweg,,,,way
Quendelstraße,,,,way
Querweg,,,,way
Rabenweg,,,,way
Radbodstraße,,,,way
Rahel-Straus-Straße,,,,way
Rahel-Varnhagen-Weg,,,,way
Raiffeisenstraße,,,,way
Rallenstraße,,,,way
Ramakersweg,,,,way
Ramsauerstraße,,,,way
Randweg,,,,way
Rankenstraße,,,,way
Rapsweg,,,,way
"Rasteder Straße",,,,way
Rastweg,,,,way
Rathausmarkt,,,,way
Ratsherr-Schulze-Straße,,,,way
Rauhehorst,,,,way
Rebenstraße,,,,way
Rebhuhnweg,,,,way
Reekenweg,,,,way
Rehweg,,,,way
Reichenspergerstraße,,,,way
Reichweinstraße,,,,way
Reiherweg,,,,way
Reinhardweg,,,,way
Reiterstraße,,,,way
Rembrandtstraße,,,,way
Rennplatzstraße,,,,way
Rheinstraße,,,,way
Richard-Wagner-Platz,,,,way
"Rigaer Weg",,,,way
Ringelblumenweg,,,,way
Rispenweg,,,,way
Ritterstraße,,,,way
Robert-Blum-Straße,,,,way
Robert-Bunsen-Straße,,,,way
Robert-Koch-Straße,,,,way
Robert-von-Mayer-Straße,,,,way
"Rodenkirchener Weg",,,,way
Roggenweg,,,,way
Rohdenweg,,,,way
Rohrdommelweg,,,,way
Rollandstraße,,,,way
Röntgenstraße,,,,way
Roonstraße,,,,way
Rosenbohmsweg,,,,way
Rosenstraße,,,,way
Rosenweg,,,,way
Rosmarinweg,,,,way
Rossittenweg,,,,way
"Rostocker Straße",,,,way
Rotbuchenweg,,,,way
Rotdornstraße,,,,way
Rotdornweg,,,,way
Rotfederweg,,,,way
Rotkehlchenweg,,,,way
Rotschenkelweg,,,,way
Rousseaustraße,,,,way
Röwekamp,,,,way
Rowoldstraße,,,,way
Rubensstraße,,,,way
Rübezahlstraße,,,,way
Rudolf-Bultmann-Straße,,,,way
Rudolf-Diesel-Straße,,,,way
"Rügener Ring",,,,way
"Rügenwalder Straße",,,,way
Rummelweg,,,,way
"Rund Achtern",,,,way
Rüschenweg,,,,way
Ruselerstraße,,,,way
"Rüstringer Straße",,,,way
Saarstraße,,,,way
Sachsenstraße,,,,way
Sackhofsweg,,,,way
Sagersweg,,,,way
Salbeistraße,,,,way
Sandberg,,,,way
Sanddornweg,,,,way
"Sandfurter Weg",,,,way
Sandkamp,,,,way
"Sandkruger Straße",,,,way
Sandkuhlenweg,,,,way
Sandstraße,,,,way
Sandweg,,,,way
Sartoriusgang,,,,way
Schäferstraße,,,,way
Schafgarbenweg,,,,way
Schafjückenweg,,,,way
Schagenweg,,,,way
Schäpersweg,,,,way
Scharnhorststraße,,,,way
Schaumkrautweg,,,,way
Scheibenweg,,,,way
Scheideweg,,,,way
Schellenberg,,,,way
"Schellsteder Weg",,,,way
Schiebenkamp,,,,way
Schifferstraße,,,,way
Schillerstraße,,,,way
Schimmelweg,,,,way
Schinkelstraße,,,,way
Schlachthofstraße,,,,way
Schlagbaumweg,,,,way
Schlehenweg,,,,way
Schleistraße,,,,way
Schleusenstraße,,,,way
Schlieffenstraße,,,,way
Schlossgarten,,,,way
Schloßplatz,,,,relation+way
Schloßwall,,,,way
Schlüsselblumenweg,,,,way
Schlüterstraße,,,,way
"Schmaler Weg",,,,way
Schmälkamp,,,,way
Schmidt-Rottluff-Straße,,,,way
Schmiedeweg,,,,way
Schnepfenweg,,,,way
Schöllkrautweg,,,,way
Schörenpad,,,,way
Schramperweg,,,,way
Schreberweg,,,,way
Schubertstraße,,,,way
Schulenburgstraße,,,,way
Schulstraße,,,,way
Schulweg,,,,way
Schulzeweg,,,,way
Schumacherhof,,,,way
Schüttingstraße,,,,way
Schützenhofstraße,,,,way
Schützenweg,,,,way
Schwalbenstraße,,,,way
Schwanenweg,,,,way
"Schwarzer Weg",,,,way
"Schweriner Weg",,,,way
Schwertlilienweg,,,,way
Sedanstraße,,,,way
Seerosenweg,,,,way
Seggenweg,,,,way
Semperstraße,,,,way
Shakespearestraße,,,,way
"Sieben Berge",,,,way
"Sieben Bösen",,,,way
"Siebenbürger Straße",,,,way
Siebensternweg,,,,way
Siegfriedstraße,,,,way
Sielweg,,,,way
Skagerrakstraße,,,,way
Sodenstich,,,,way
Sommerweg,,,,way
Sonnenkampstraße,,,,way
Sonnenstraße,,,,way
Sonnentauweg,,,,way
Sophie-Schütte-Straße,,,,way
Sophienstraße,,,,way
Spätenweg,,,,way
Spechtweg,,,,way
Spencerstraße,,,,way
Sperberweg,,,,way
Sperlingsweg,,,,way
Sperlingweg,,,,way
Spezaweg,,,,way
Spittweg,,,,way
"Sportpark Eversten",,,,way
Sportweg,,,,way
Spreenweg,,,,way
Sprungweg,,,,way
Staakenweg,,,,way
Stadtfeld,,,,way
Ständelweg,,,,way
Starenweg,,,,way
"Stargarder Weg",,,,way
Starklofstraße,,,,way
Stationsweg,,,,way
Stau,,,,relation+way
Staugraben,,,,way
Staulinie,,,,way
Staupassage,,,,way
Staustraße,,,,way
"Stedinger Straße",,,,way
Steenkenweg,,,,way
Steinkamp,,,,way
Steinkauzweg,,,,way
Steinweg,,,,way
Stephanusstraße,,,,way
Sternstraße,,,,way
"Stettiner Straße",,,,way
Steubenstraße,,,,way
Stieglitzweg,,,,way
Stiekelkamp,,,,way
Stiftsweg,,,,way
"Stiller Weg",,,,way
"Stockholmer Straße",,,,way
Storchweg,,,,way
Störtebekerstraße,,,,way
Strackerjanstraße,,,,way
"Stralsunder Straße",,,,way
"Straßburger Straße",,,,way
Streekenweg,,,,way
Stresemannstraße,,,,way
"Struthoffs Kamp",,,,way
Stubbenweg,,,,way
"Stumpfer Weg",,,,way
Süderdiek,,,,way
Sudetenstraße,,,,way
Südring,,,,way
Südweg,,,,way
Suhrkamp,,,,way
Sündermannsweg,,,,way
"Sylter Ring",,,,way
"Taastruper Straße",,,,way
Tami-Oelfken-Straße,,,,way
Tangastraße,,,,way
Tannenbergstraße,,,,way
Tannenkampstraße,,,,way
Tannenstraße,,,,way
Taubenstraße,,,,way
Tautstraße,,,,way
Teebkengang,,,,way
Tegelkamp,,,,way
Teichhuhnweg,,,,way
Teichstraße,,,,way
Thalia-Passage,,,,way
Theaterwall,,,,way
Theodor-Dirks-Weg,,,,way
Theodor-Fontane-Straße,,,,way
Theodor-Francksen-Straße,,,,way
Theodor-Heuss-Straße,,,,way
Theodor-Körner-Weg,,,,way
Theodor-Storm-Straße,,,,way
Theodor-Wabnitz-Straße,,,,way
Thomas-Dehler-Straße,,,,way
Thomas-Mann-Straße,,,,way
Thomasburg,,,,way
Thormöhlen,,,,way
"Thorner Straße",,,,way
Thorwaldsenstraße,,,,way
Thymianweg,,,,way
Tiemannhof,,,,way
"Tilsiter Straße",,,,way
Tirpitzstraße,,,,way
Tischbeinstraße,,,,way
Tondernstraße,,,,way
Tonweg,,,,way
Torfweg,,,,way
"Torsholter Straße",,,,way
Trakehnenstraße,,,,way
Triftweg,,,,way
Trommelweg,,,,way
"Troppauer Straße",,,,way
"Tübinger Straße",,,,way
Tuchtweg,,,,way
Tulpenweg,,,,way
"Tweelbäker Tredde",,,,way
"Tweelbäker Weg",,,,way
Twiskenweg,,,,way
"Über der Heide",,,,way
Uferstraße,,,,way
Uhlenweg,,,,way
Uhlhornsweg,,,,way
Ulmenstraße,,,,way
Ulrich-von-Hutten-Straße,,,,way
"Unter den Eichen",,,,way
"Unter den Linden",,,,way
"Unterm Berg",,,,way
Unterstraße,,,,way
"Up de Wührden",,,,way
"Usedomer Ring",,,,way
Vahlenhorst,,,,way
"Vareler Straße",,,,way
Veilchenweg,,,,way
Verbindungsweg,,,,way
Verdistraße,,,,way
Vereinigungsstraße,,,,way
Vereinsheimweg,,,,way
Viertelplatz,,,,way
Viktoriastraße,,,,way
Vogelstange,,,,way
Vogelstation,,,,way
Von-Alten-Weg,,,,way
Von-Berger-Straße,,,,way
Von-Bodelschwingh-Straße,,,,way
Von-Borries-Straße,,,,way
Von-Finckh-Straße,,,,way
Von-Halem-Straße,,,,way
Von-Helmholtz-Straße,,,,way
Von-Ketteler-Straße,,,,way
Von-Kobbe-Straße,,,,way
Von-Lützow-Straße,,,,way
Von-Müller-Straße,,,,way
Von-Schrenck-Straße,,,,way
Von-Thünen-Straße,,,,way
Von-Tresckow-Weg,,,,way
Vördemöhlen,,,,way
Voßstraße,,,,way
Wabenweg,,,,way
Wacholderweg,,,,way
Wachtelweg,,,,way
Waffenplatz,,,,relation+way
Wahnbäkenweg,,,,way
Waldkauzweg,,,,way
Waldmannsweg,,,,way
Waldmeisterweg,,,,way
Wallgraben,,,,way
Wallheckenring,,,,way
Wallstraße,,,,way
Walter-Meckauer-Straße,,,,way
Walther-Rathenau-Straße,,,,way
"Wangerooger Straße",,,,way
Wardenburgstraße,,,,way
Warnsweg,,,,way
"Waterender Weg",,,,way
Watertucht,,,,way
"Wechloyer Weg",,,,way
Weddigenstraße,,,,way
"Weg zur schwimmenden Insel",,,,way
Wehdestraße,,,,way
Weidamm,,,,way
Weidenstraße,,,,way
Weidweg,,,,way
"Weimarer Straße",,,,way
Weiselweg,,,,way
Weißdornweg,,,,way
"Weiße Rose",,,,way
Weißenmoorstraße,,,,way
Weitzstraße,,,,way
Wellenweg,,,,way
Werbachstraße,,,,way
Werftweg,,,,way
Werrastraße,,,,way
Weserstraße,,,,way
Weskampstraße,,,,way
Westerdiek,,,,way
"Westerender Weg",,,,way
Westeresch,,,,way
Westerholtsweg,,,,way
"Westersteder Straße",,,,way
Westerstraße,,,,way
Westfalendamm,,,,way
Wichelnstraße,,,,way
Wichernstraße,,,,way
Wichmannsweg,,,,way
Wickenweg,,,,way
Widderweg,,,,way
Widukindstraße,,,,way
"Wiefelsteder Straße",,,,way
Wiemkenhofsweg,,,,way
"Wiener Straße",,,,way
Wienstraße,,,,way
Wieselweg,,,,way
Wiesengrund,,,,way
Wiesenstraße,,,,way
Wildenlohsdamm,,,,way
Wilhelm-Busch-Straße,,,,way
Wilhelm-Degode-Weg,,,,way
Wilhelm-Meyer-Weg,,,,way
Wilhelm-Morgner-Straße,,,,way
Wilhelm-Raabe-Straße,,,,relation+way
Wilhelm-Weber-Straße,,,,way
Wilhelm-Wilke-Straße,,,,way
"Wilhelmshavener Heerstraße",,,,way
Wilhelmstraße,,,,way
Wilkenweg,,,,way
Willa-Thorade-Straße,,,,way
Willehadweg,,,,way
Willersstraße,,,,way
Windmühlenweg,,,,way
Windröschenweg,,,,way
Windthorststraße,,,,way
Winkelmannstraße,,,,way
Winkelweg,,,,way
Wischweg,,,,way
"Wismarer Weg",,,,way
Wittengang,,,,way
Wittingsbrok,,,,way
Wittsfeld,,,,way
Wolfgang-Heimbach-Straße,,,,way
"Wolfsbrücker Weg",,,,way
Wulfswall,,,,way
Wullgrasweg,,,,way
Wunderburgpark,,,,way
Wunderburgstraße,,,,way
"Würzburger Straße",,,,way
Yorckstraße,,,,way
Zanderweg,,,,way
Zaunkönigstraße,,,,way
Zedernweg,,,,way
Zeisigweg,,,,way
Zeppelinstraße,,,,way
Zeughausstraße,,,,way
Ziegelhofstraße,,,,way
Ziegelweg,,,,way
Zietenstraße,,,,way
Zillestraße,,,,way
Zinzendorfstraße,,,,way
Zobelweg,,,,way
"Zum Offizierskasino",,,,way
"Züricher Straße",,,,way
Zuschlag,,,,way
Zweigstraße,,,,way
Zypressenweg,,,,way
